date,task,ups,allocations
2025-11-30,Proof of Work,0.647725,19
2025-12-01,Proof of Work,3.125223,63
2025-12-02,Proof of Work,1.664149,36
2025-12-03,Proof of Work,1.921491,36
2025-12-04,Proof of Work,2.020845,38
2025-12-05,Proof of Work,1.322010,38
2025-12-06,Proof of Work,1.141151,27
2025-12-07,Proof of Work,0.849568,21
2025-12-08,Proof of Work,1.032736,25
2025-12-09,Proof of Work,1.137479,22
2025-12-10,Proof of Work,2.459258,23
2025-12-11,Proof of Work,1.041830,23
2025-12-12,Proof of Work,1.416762,31
2025-12-13,Proof of Work,1.105708,26
2025-12-14,Proof of Work,1.133189,25
2025-12-15,Proof of Work,1.306483,27
2025-12-16,Proof of Work,1.432195,28
2025-12-17,Proof of Work,1.162352,28
2025-12-18,Proof of Work,1.381476,28
2025-12-19,Proof of Work,1.404656,29
2025-12-20,Proof of Work,1.455219,32
2025-12-21,Proof of Work,1.468286,28
2025-12-22,Proof of Work,1.571252,33
2025-12-23,Proof of Work,1.625179,32
2025-12-24,Proof of Work,1.669221,29
2025-12-25,Proof of Work,1.694122,31
2025-12-26,Proof of Work,1.720898,35
2025-12-27,Proof of Work,2.023754,35
2025-12-28,Proof of Work,2.183502,39
2025-12-29,Proof of Work,1.948855,36
2025-12-30,Proof of Work,2.047999,35
2025-12-31,Proof of Work,2.011384,37
2026-01-01,Proof of Work,2.105616,38
2026-01-02,Proof of Work,2.074169,35
2026-01-03,Proof of Work,2.058514,36
2026-01-04,Proof of Work,2.114205,34
2026-01-05,Proof of Work,6.094839,39
2026-01-06,Proof of Work,6.851707,42
2026-01-07,Proof of Work,5.918617,38
2026-01-08,Proof of Work,4.493692,38
2026-01-09,Proof of Work,4.679814,36
2026-01-10,Proof of Work,4.623769,32
2026-01-11,Proof of Work,4.516739,33
2026-01-12,Proof of Work,5.303032,42
2026-01-13,Proof of Work,4.270104,44
2026-01-14,Proof of Work,6.712510,41
2026-01-15,Proof of Work,6.080787,43
2026-01-16,Proof of Work,5.839949,41
2026-01-17,Proof of Work,6.188120,43
2026-01-18,Proof of Work,5.857592,42
2026-01-19,Proof of Work,5.096275,40
2026-01-20,Proof of Work,5.247550,40
2026-01-21,Proof of Work,5.621211,42
2026-01-22,Proof of Work,5.681820,46
2026-01-23,Proof of Work,6.005746,48
2026-01-24,Proof of Work,6.384178,49
2026-01-25,Proof of Work,5.920812,48
2026-01-26,Proof of Work,6.139190,49
2026-01-27,Proof of Work,6.446792,52
2026-01-28,Proof of Work,5.997768,49
2026-01-29,Proof of Work,5.744835,48
2026-01-30,Proof of Work,5.564731,49
2026-01-31,Proof of Work,6.295623,50
2026-02-01,Proof of Work,6.326680,48
2026-02-02,Proof of Work,6.634380,50
2026-02-03,Proof of Work,6.114663,48
2026-02-04,Proof of Work,4.947752,45
2026-02-05,Proof of Work,5.722769,45
2026-02-06,Proof of Work,6.103020,44
2026-02-07,Proof of Work,5.088065,41
2026-02-08,Proof of Work,5.606169,45
2026-02-09,Proof of Work,4.965119,43
2026-02-10,Proof of Work,5.236911,41
2026-02-11,Proof of Work,4.688778,41
2026-02-12,Proof of Work,5.165034,40
2026-02-13,Proof of Work,5.189537,40
2026-02-14,Proof of Work,5.127114,47
2026-02-15,Proof of Work,5.357484,44
2026-02-16,Proof of Work,5.351227,46
2026-02-17,Proof of Work,5.529729,46
2026-02-18,Proof of Work,5.302985,45
2026-02-19,Proof of Work,5.200942,49
2026-02-20,Proof of Work,5.529514,52
2026-02-21,Proof of Work,5.602036,54
2026-02-22,Proof of Work,5.540195,52
2026-02-23,Proof of Work,5.533685,80
2026-02-24,Proof of Work,5.602303,78
2026-02-25,Proof of Work,6.095347,78
2026-02-26,Proof of Work,6.121223,82
2026-02-27,Proof of Work,6.020191,86
2026-02-28,Proof of Work,5.099176,82
2026-03-01,Proof of Work,5.559469,83
2026-03-02,Proof of Work,7.320198,100
2026-03-03,Proof of Work,8.469913,105
2026-03-04,Proof of Work,8.152748,103
2026-03-05,Proof of Work,7.783509,99
2026-03-06,Proof of Work,7.884736,100
2026-03-07,Proof of Work,8.508396,97
2026-03-08,Proof of Work,8.521191,106
2026-03-09,Proof of Work,8.475845,90
2026-03-10,Proof of Work,7.958085,93
2026-03-11,Proof of Work,7.716330,95
2026-03-12,Proof of Work,8.632990,109
2026-03-13,Proof of Work,7.674799,108
2026-03-14,Proof of Work,7.536029,99
2026-03-15,Proof of Work,7.764619,90
2026-03-16,Proof of Work,7.723190,95
2026-03-17,Proof of Work,7.913791,87
2026-03-18,Proof of Work,8.130390,96
2026-03-19,Proof of Work,7.022748,90
2026-03-20,Proof of Work,7.944475,84
2026-03-21,Proof of Work,7.629774,90
2026-03-22,Proof of Work,4.393523,89
2026-03-23,Proof of Work,4.002293,90
2026-03-24,Proof of Work,4.413753,95
2026-03-25,Proof of Work,4.631527,97
2026-03-26,Proof of Work,4.681064,94
2026-03-27,Proof of Work,4.245082,89
2026-03-28,Proof of Work,6.559922,85
2026-03-29,Proof of Work,5.723658,85
2026-03-30,Proof of Work,4.057533,94
2026-03-31,Proof of Work,4.669025,101
2026-04-01,Proof of Work,6.197760,103
2026-04-02,Other,5.000000,2
2026-04-02,Proof of Work,5.142055,104
2026-04-03,Proof of Work,5.027080,96
2026-04-04,Proof of Work,5.339583,88
2026-04-05,Proof of Work,4.929904,86
2026-04-06,Proof of Work,4.921330,95
2026-04-07,Other,12.500000,5
2026-04-07,Proof of Work,5.222080,87
2026-04-08,Proof of Work,5.433981,104
2026-04-09,Other,7.500000,3
2026-04-09,Proof of Work,5.962088,108
2026-04-09,Scout,0.350000,7
2026-04-10,Proof of Work,6.587130,94
2026-04-10,Scout,2.750000,55
2026-04-11,Proof of Work,6.333197,93
2026-04-11,Scout,1.600000,32
2026-04-12,Proof of Work,4.876259,90
2026-04-12,Scout,1.600000,32
2026-04-13,Proof of Work,4.487307,87
2026-04-14,Proof of Work,5.037823,91
2026-04-14,Scout,6.240000,96
2026-04-15,Proof of Work,5.626522,88
2026-04-16,Proof of Work,5.580287,80
2026-04-17,Proof of Work,6.162813,76
2026-04-18,Proof of Work,5.775895,68
2026-04-19,Proof of Work,4.489780,83
2026-04-20,Proof of Work,5.068380,82
2026-04-21,CLI / Caller-ID,0.100000,1
2026-04-21,Proof of Work,5.485000,83
2026-04-22,CLI / Caller-ID,0.008400,1
2026-04-22,Proof of Work,7.111569,78
2026-04-23,Proof of Work,6.059370,75
2026-04-24,CLI / Caller-ID,0.143000,2
2026-04-24,Proof of Work,5.912889,74
2026-04-25,Proof of Work,4.718585,76
2026-04-26,CLI / Caller-ID,0.043000,1
2026-04-26,Proof of Work,5.319498,71
2026-04-27,CLI / Caller-ID,0.027500,1
2026-04-27,Proof of Work,4.386294,74
2026-04-28,Proof of Work,4.452315,72
2026-04-29,Proof of Work,4.272639,61
2026-04-30,CLI / Caller-ID,0.337400,6
2026-04-30,Proof of Work,4.644750,60
2026-05-01,CLI / Caller-ID,0.243000,3
2026-05-01,Proof of Work,4.993439,61
2026-05-02,CLI / Caller-ID,0.108400,2
2026-05-02,Proof of Work,4.926995,56
2026-05-03,CLI / Caller-ID,0.385400,6
2026-05-03,Proof of Work,4.685294,62
2026-05-04,CLI / Caller-ID,0.151400,3
2026-05-04,Proof of Work,3.940851,74
2026-05-05,CLI / Caller-ID,0.286000,4
2026-05-05,Proof of Work,4.664655,72
2026-05-06,CLI / Caller-ID,0.229000,4
2026-05-06,Proof of Work,4.059313,69
2026-05-07,CLI / Caller-ID,0.214400,6
2026-05-07,Proof of Work,5.046934,64
2026-05-08,Proof of Work,4.807226,61
2026-05-09,Proof of Work,5.107388,63
2026-05-10,CLI / Caller-ID,0.094400,3
2026-05-10,Proof of Work,4.385400,62
2026-05-11,CLI / Caller-ID,0.229500,5
2026-05-11,Proof of Work,4.169454,78
2026-05-12,CLI / Caller-ID,0.260900,5
2026-05-12,Proof of Work,7.110642,76
2026-05-13,CLI / Caller-ID,0.217900,4
2026-05-13,Proof of Work,5.387229,68
2026-05-14,CLI / Caller-ID,0.177000,3
2026-05-14,Proof of Work,5.106932,66
2026-05-15,CLI / Caller-ID,0.251400,4
2026-05-15,Proof of Work,5.470520,64
2026-05-16,CLI / Caller-ID,0.186000,3
2026-05-16,Proof of Work,5.555688,67
2026-05-17,CLI / Caller-ID,0.309500,4
2026-05-17,Proof of Work,5.084977,67
2026-05-18,CLI / Caller-ID,0.252500,4
2026-05-18,Proof of Work,4.481252,66
2026-05-19,CLI / Caller-ID,0.381000,5
2026-05-19,Proof of Work,6.561537,60
2026-05-20,CLI / Caller-ID,0.047000,1
2026-05-20,Proof of Work,4.693125,60
2026-05-21,CLI / Caller-ID,0.100000,1
2026-05-21,Proof of Work,6.555534,61
2026-05-22,CLI / Caller-ID,0.066500,1
2026-05-22,Proof of Work,5.951384,61
2026-05-23,CLI / Caller-ID,0.280500,4
2026-05-23,Proof of Work,5.200815,56
2026-05-24,CLI / Caller-ID,0.116800,3
2026-05-24,Other,2.500000,1
2026-05-24,Proof of Work,5.344282,55
2026-05-25,CLI / Caller-ID,0.210500,4
2026-05-25,Other,10.000000,4
2026-05-25,Proof of Work,5.089544,62
2026-05-26,CLI / Caller-ID,0.026800,1
2026-05-26,Proof of Work,4.860729,49
2026-05-27,CLI / Caller-ID,0.047000,1
2026-05-27,Other,2.500000,1
2026-05-27,Proof of Work,3.781716,48
2026-05-28,Other,2.500000,1
2026-05-28,Proof of Work,3.456229,46
2026-05-29,Proof of Work,3.370957,46
2026-05-30,CLI / Caller-ID,0.112800,3
2026-05-30,Other,25.000000,10
2026-05-30,Proof of Work,3.454947,40
2026-05-31,CLI / Caller-ID,0.100000,1
2026-05-31,Proof of Work,3.418964,41
2026-06-01,CLI / Caller-ID,0.134000,2
2026-06-01,Proof of Work,4.472492,50
2026-06-02,CLI / Caller-ID,0.060800,2
2026-06-02,Proof of Work,4.003221,48
2026-06-03,CLI / Caller-ID,0.207800,4
2026-06-03,Other,7.500000,3
2026-06-03,Proof of Work,2.946527,46
2026-06-04,CLI / Caller-ID,0.026800,1
2026-06-04,Proof of Work,4.289299,39
2026-06-05,CLI / Caller-ID,0.134000,2
2026-06-05,Proof of Work,3.986354,44
2026-06-06,CLI / Caller-ID,0.069800,2
2026-06-06,Proof of Work,3.312533,42
2026-06-07,CLI / Caller-ID,0.254800,5
2026-06-07,Proof of Work,3.866520,50
2026-06-08,CLI / Caller-ID,0.221300,4
2026-06-08,Proof of Work,3.647135,57
2026-06-09,CLI / Caller-ID,0.267500,5
2026-06-09,Proof of Work,4.393412,62
2026-06-10,CLI / Caller-ID,0.348000,6
2026-06-10,Proof of Work,5.187040,66
2026-06-11,CLI / Caller-ID,0.103300,3
2026-06-11,Proof of Work,5.109574,61
2026-06-12,CLI / Caller-ID,0.238000,4
2026-06-12,Proof of Work,5.062933,57
2026-06-13,CLI / Caller-ID,0.100000,1
2026-06-13,Proof of Work,4.333042,55
2026-06-14,CLI / Caller-ID,0.133500,2
2026-06-14,Proof of Work,4.408124,53
2026-06-15,Proof of Work,4.642043,57
2026-06-16,CLI / Caller-ID,0.246300,5
2026-06-16,Proof of Work,4.388579,56
2026-06-17,CLI / Caller-ID,0.279300,7
2026-06-17,Proof of Work,4.476590,59
2026-06-18,CLI / Caller-ID,0.310000,5
2026-06-18,Proof of Work,4.274872,60
2026-06-19,CLI / Caller-ID,0.224000,4
2026-06-19,Proof of Work,3.780785,65
2026-06-20,CLI / Caller-ID,0.180500,3
2026-06-20,Proof of Work,3.940490,73
2026-06-21,CLI / Caller-ID,0.047500,1
2026-06-21,Proof of Work,8.399922,73
2026-06-22,CLI / Caller-ID,0.255300,5
2026-06-22,Proof of Work,6.673337,88
2026-06-23,CLI / Caller-ID,0.376500,6
2026-06-23,Proof of Work,6.035646,87
2026-06-24,CLI / Caller-ID,0.255300,5
2026-06-24,Proof of Work,5.984565,60
2026-06-25,CLI / Caller-ID,0.047500,1
2026-06-25,Proof of Work,2.590943,50
2026-06-26,CLI / Caller-ID,0.047500,1
2026-06-26,Proof of Work,2.525096,64
2026-06-27,CLI / Caller-ID,0.043000,1
2026-06-27,Proof of Work,2.917805,69
2026-06-28,CLI / Caller-ID,0.147500,4
2026-06-28,Proof of Work,2.843232,71
2026-06-29,CLI / Caller-ID,0.181000,5
2026-06-29,Proof of Work,2.556094,71
2026-06-30,CLI / Caller-ID,0.034000,1
2026-06-30,Proof of Work,2.065266,58
2026-07-01,CLI / Caller-ID,0.133500,3
2026-07-01,Proof of Work,1.540634,62
2026-07-02,CLI / Caller-ID,0.047000,1
2026-07-02,Proof of Work,1.504616,48
2026-07-03,CLI / Caller-ID,0.047000,1
2026-07-03,Proof of Work,1.778542,53
2026-07-03,Scout,1.800000,36
2026-07-04,Proof of Work,1.977699,57
2026-07-04,Scout,4.500000,90
2026-07-05,CLI / Caller-ID,0.202300,4
2026-07-05,Proof of Work,1.826473,53
2026-07-05,Scout,1.250000,25
2026-07-06,CLI / Caller-ID,0.216800,4
2026-07-06,Proof of Work,2.369919,64
2026-07-06,Scout,1.800000,36
2026-07-07,Proof of Work,2.562446,40
2026-07-07,Scout,1.900000,38
2026-07-08,Proof of Work,1.814938,50
2026-07-08,Scout,7.200000,130
2026-07-09,CLI / Caller-ID,0.043000,1
2026-07-09,Proof of Work,2.406004,52
2026-07-09,Scout,5.500000,100
2026-07-10,CLI / Caller-ID,0.198300,4
2026-07-10,Proof of Work,1.814552,51
2026-07-10,Scout,3.750000,71
2026-07-11,CLI / Caller-ID,0.209500,3
2026-07-11,Proof of Work,2.398357,70
2026-07-11,Scout,12.750000,247
2026-07-12,CLI / Caller-ID,0.169800,3
2026-07-12,Proof of Work,2.517640,84
2026-07-12,Scout,8.250000,141
2026-07-13,CLI / Caller-ID,0.100000,1
2026-07-13,Proof of Work,2.457047,76
2026-07-13,Scout,10.000000,187
2026-07-14,CLI / Caller-ID,0.043000,1
2026-07-14,Proof of Work,2.675471,74
2026-07-14,Scout,20.750000,388
2026-07-15,CLI / Caller-ID,0.147000,2
2026-07-15,Proof of Work,2.420783,74
2026-07-15,Scout,9.250000,176
2026-07-16,CLI / Caller-ID,0.147000,2
2026-07-16,Proof of Work,1.955982,66
2026-07-16,Scout,18.500000,325
2026-07-17,CLI / Caller-ID,0.077000,2
2026-07-17,Proof of Work,1.828569,81
2026-07-17,Scout,10.000000,192
2026-07-18,CLI / Caller-ID,0.224000,4
2026-07-18,Proof of Work,2.151334,79
2026-07-18,Scout,14.050000,259
2026-07-19,CLI / Caller-ID,0.143000,2
2026-07-19,Proof of Work,2.526313,75
2026-07-19,Scout,3.700000,73
2026-07-20,CLI / Caller-ID,0.134000,2
2026-07-20,Proof of Work,2.645396,65
2026-07-20,Scout,10.500000,199
2026-07-21,CLI / Caller-ID,0.100000,1
2026-07-21,Proof of Work,2.687353,67
2026-07-21,Scout,3.600000,64
2026-07-22,CLI / Caller-ID,0.102000,3
2026-07-22,Proof of Work,2.399215,66
2026-07-22,Runner Calls,0.386600,6
2026-07-22,Scout,15.250000,303
2026-07-23,CLI / Caller-ID,0.211000,4
2026-07-23,Proof of Work,2.756703,61
2026-07-23,Runner Calls,0.422150,7
2026-07-23,Scout,12.000000,218
2026-07-24,CLI / Caller-ID,0.100000,1
2026-07-24,Proof of Work,2.634362,68
2026-07-24,Scout,1.250000,25
2026-07-25,CLI / Caller-ID,0.177000,3
2026-07-25,Proof of Work,2.382714,71
2026-07-26,CLI / Caller-ID,0.081000,2
2026-07-26,Proof of Work,2.125001,57
2026-07-27,CLI / Caller-ID,0.081000,2
2026-07-27,Proof of Work,2.394111,54
2026-07-28,CLI / Caller-ID,0.147000,2
2026-07-28,Proof of Work,1.936184,55
2026-07-29,CLI / Caller-ID,0.047000,1
2026-07-29,Proof of Work,1.758294,54
2026-07-30,CLI / Caller-ID,0.068000,2
2026-07-30,Proof of Work,1.832418,52
2026-07-31,CLI / Caller-ID,0.143000,2
2026-07-31,Proof of Work,1.054273,46
2026-08-01,CLI / Caller-ID,0.100000,1
2026-08-01,Proof of Work,2.243135,53
2026-08-02,Proof of Work,2.192922,47
2026-08-03,Proof of Work,2.256435,54
2026-08-04,CLI / Caller-ID,0.034000,1
2026-08-04,Proof of Work,2.021494,46
2026-08-05,Proof of Work,2.082795,51
2026-08-06,Proof of Work,2.170892,57
2026-08-07,Proof of Work,2.676257,61
2026-08-08,Proof of Work,2.234353,56
2026-08-09,CLI / Caller-ID,0.100000,1
2026-08-09,Proof of Work,2.001610,67
2026-08-10,CLI / Caller-ID,0.177000,3
2026-08-10,Proof of Work,2.241011,64
2026-08-11,Proof of Work,2.110372,59
2026-08-12,Proof of Work,1.868137,45
2026-08-13,CLI / Caller-ID,0.177000,3
2026-08-13,Proof of Work,1.468119,27
2026-08-14,CLI / Caller-ID,0.205500,4
2026-08-14,Proof of Work,1.213357,35
2026-08-15,CLI / Caller-ID,0.043000,1
2026-08-15,Proof of Work,1.527345,35
2026-08-16,CLI / Caller-ID,0.034000,1
2026-08-16,Proof of Work,0.724107,23
2026-08-17,CLI / Caller-ID,0.100000,1
2026-08-17,Proof of Work,0.684533,22
2026-08-18,CLI / Caller-ID,0.034000,1
2026-08-18,Proof of Work,0.988429,29
2026-08-19,CLI / Caller-ID,0.043000,1
2026-08-19,Proof of Work,1.070691,36
2026-08-20,CLI / Caller-ID,0.143000,2
2026-08-20,Proof of Work,1.007166,36
2026-08-21,CLI / Caller-ID,0.134000,2
2026-08-21,Proof of Work,1.289232,29
2026-08-22,CLI / Caller-ID,0.034000,1
2026-08-22,Proof of Work,0.750708,27
2026-08-23,CLI / Caller-ID,0.077000,2
2026-08-23,Proof of Work,1.407262,24
2026-08-24,Proof of Work,1.271013,44
2026-08-25,Proof of Work,0.904736,50
2026-08-26,Proof of Work,0.879335,42
2026-08-27,Proof of Work,0.788098,38
2026-08-28,CLI / Caller-ID,0.177000,3
2026-08-28,Proof of Work,0.620619,39
2026-08-29,CLI / Caller-ID,0.243000,3
2026-08-29,Proof of Work,0.589612,32
2026-08-30,CLI / Caller-ID,0.081000,2
2026-08-30,Proof of Work,0.571529,32
2026-08-31,CLI / Caller-ID,0.167000,4
2026-08-31,Proof of Work,0.626208,30
2026-09-01,CLI / Caller-ID,0.114500,3
2026-09-01,Proof of Work,0.426752,31
2026-09-02,CLI / Caller-ID,0.223500,4
2026-09-02,Proof of Work,0.461868,27
2026-09-03,CLI / Caller-ID,0.281000,4
2026-09-03,Proof of Work,0.557065,29
2026-09-04,CLI / Caller-ID,0.157500,4
2026-09-04,Proof of Work,0.518131,32
2026-09-05,CLI / Caller-ID,0.210500,4
2026-09-05,Proof of Work,1.011787,31
2026-09-06,CLI / Caller-ID,0.047000,1
2026-09-06,Proof of Work,0.931843,27
2026-09-07,CLI / Caller-ID,0.214500,4
2026-09-07,Proof of Work,0.234559,6
2026-09-08,CLI / Caller-ID,0.367000,6
2026-09-08,Proof of Work,0.833846,16
2026-09-09,CLI / Caller-ID,0.224000,4
2026-09-09,Proof of Work,0.970190,11
2026-09-10,CLI / Caller-ID,0.134000,2
2026-09-10,Proof of Work,0.819859,14
2026-09-11,CLI / Caller-ID,0.281000,4
2026-09-11,Proof of Work,1.151217,15
2026-09-12,CLI / Caller-ID,0.243000,3
2026-09-12,Proof of Work,0.718170,17
2026-09-13,CLI / Caller-ID,0.047000,1
2026-09-13,Proof of Work,1.118780,15
2026-09-14,Proof of Work,1.266060,15
2026-09-15,Proof of Work,1.271536,16
2026-09-16,CLI / Caller-ID,0.100000,1
2026-09-16,Proof of Work,1.243874,18
2026-09-17,CLI / Caller-ID,0.100000,1
2026-09-17,Proof of Work,0.715400,21
2026-09-18,CLI / Caller-ID,0.092500,2
2026-09-18,Proof of Work,1.856896,17
2026-09-19,CLI / Caller-ID,0.098500,2
2026-09-19,Proof of Work,1.251150,18
2026-09-20,CLI / Caller-ID,0.200000,2
2026-09-20,Proof of Work,1.026352,16
2026-09-21,CLI / Caller-ID,0.277000,4
2026-09-21,Proof of Work,0.976463,12
2026-09-22,CLI / Caller-ID,0.114000,3
2026-09-22,Proof of Work,1.167060,15
2026-09-23,CLI / Caller-ID,0.047000,1
2026-09-23,Proof of Work,0.989113,16
2026-09-24,CLI / Caller-ID,0.280500,4
2026-09-24,Proof of Work,1.404034,17
2026-09-25,CLI / Caller-ID,0.360500,6
2026-09-25,Proof of Work,1.640780,24
2026-09-26,CLI / Caller-ID,0.123500,3
2026-09-26,Proof of Work,1.560936,23
2026-09-27,CLI / Caller-ID,0.133500,2
2026-09-27,Proof of Work,0.997010,22
2026-09-28,CLI / Caller-ID,0.033500,1